Date,BCB_start,BCB_stop,Dry Slope (D),Dry Intercept (N0),Dry Mass (µg/m³)
2022-01-11,49898,50084,0.3985100854323185,4.7906514689253274,0.21913203950059587
2022-01-11,50437,50622,4.950576431580465,0.36794611907998004,1548.918481366747
2022-01-11,51974,52192,4.595225538057924,0.21351985926456674,665.355800989855
2022-01-11,54318,54506,1.2476067934059833,0.7350189000688978,11.332223406660619
2022-01-11,56646,56844,1.5370766061370347,0.301128697156795,11.114007291835934
2022-01-11,57239,57432,1.0805455781002196,1.3644072616356147,11.357750423946598
2022-01-11,59060,59259,4.23933779852908,1.1715232052949616,2630.9751755285947
2022-01-11,67976,68165,0.5433712636928143,4.084183999265617,1.225897297362647
2022-01-11,68456,68641,1.350352220134851,0.9835591546378082,21.170117730809444
2022-01-11,70181,70367,1.0880877064835959,0.7801303499686413,6.6932653598720275
2022-01-11,70779,70965,0.9079305625419957,1.490158669615243,5.730530659158762
2022-01-11,73166,73421,0.9879298664507835,0.9802281286830363,5.503020242367226
2022-01-12,50633,50810,0.8211374965264474,0.788510771016131,1.9108733181487603
2022-01-12,51172,51418,0.8005004305373772,0.53307333442762,1.1466266106443475
2022-01-12,52973,53159,0.8846673918030524,0.3470710161316308,1.1861407505591608
2022-01-12,53501,53653,0.7228273546162726,0.760626804131322,1.0035495960798053
2022-01-12,55206,55380,1.0452905430699035,0.24924076746844828,1.7942003704633942
2022-01-12,55717,55953,1.0196101574943328,0.18321847420380868,1.1824952456336244
2022-01-12,67111,67296,0.8771765652740796,1.1976384016042494,3.9370787562595586
2022-01-12,67587,67735,1.3363534252298408,1.6567223741916524,34.133395706594584
2022-01-12,69442,69666,0.850408496953028,0.4573599054955481,1.3039773769369187
2022-01-12,69980,70159,0.8312622034932329,0.713305437369556,1.8301380368526667
2022-01-12,71159,71432,0.8964580551700941,0.37941118437129895,1.3772506635191792
2022-01-12,71741,71932,0.7458961854084418,0.5161107205093027,0.7930024885094566
2022-01-12,73357,73530,0.9307611143318076,1.1719878499017717,5.041716119076674
2022-01-12,73871,74036,0.8797333809916941,0.9632278758288297,3.2089000012217803
2022-01-15,47280,47474,0.8576551363114071,5.581478145613346,16.548092257742518
2022-01-15,47730,47916,0.9246698185155592,3.289469132531054,13.73847783042541
2022-01-15,49265,49454,0.7632778990760198,6.219253260975963,10.673426224062155
2022-01-15,49763,49948,0.788385530725602,5.0259903602068645,10.060517892474744
2022-01-15,51458,51650,0.8842796371927817,2.4566821218655437,8.379114473594978
2022-01-15,52035,52268,0.863189636002164,4.237640134560914,12.941098331363401
2022-01-15,53832,54014,0.8275205477170823,6.621289768167074,16.63559180135686
2022-01-15,54328,54530,0.862372833906666,3.4311830637672975,10.432814114248698
2022-01-15,56045,56254,0.9290922779048298,4.075599063783812,17.39157218134673
2022-01-15,56632,56820,0.8673775401549222,3.573973413198642,11.15963326987261
2022-01-15,58152,58342,0.8348828977632601,4.094521090161295,10.719595082289311
2022-01-18,50694,50958,0.5909377581625942,0.6122158185751801,0.2898653771778422
2022-01-18,51251,51442,1.032844534674,1.3761806345776346,9.399910750650536
2022-01-18,53115,53308,0.7796257246118086,5.429069556532045,10.307082532387746
2022-01-18,53634,53835,0.7968383762905646,4.424812127949377,9.314395643160456
2022-01-18,55905,56146,0.9421879670891851,2.430090536066268,11.042973710840629
2022-01-18,56496,56672,0.8074728485178202,3.535490801997465,7.920966419813476
2022-01-18,58088,58312,0.8212946024402873,1.4676664336439476,3.559912071974412
2022-01-18,68373,68559,0.9693858014789514,1.4419649251069004,7.4414736406957775
2022-01-18,68863,69052,0.8090372060419607,2.617091689023129,5.916833140396135
2022-01-18,70737,70922,0.665743447066215,5.372170151007702,4.713938682707077
2022-01-18,71243,71427,0.9164832090766191,2.464801736824949,9.889293083853323
2022-01-18,72966,73067,0.7716833455484772,3.3256027289981733,6.013616335377342
2022-01-18,73540,73745,1.0353231657557849,2.3296689075510018,16.080901739055893
2022-01-18,75398,75592,0.8554891563501427,2.562549879638749,7.5095409410632605
2022-01-18,75872,76058,1.0481118247869943,1.2844665593896105,9.356167499258962
2022-01-19,50397,50586,0.7946708879264949,0.5946664197736415,1.2358256335067506
2022-01-19,51107,51298,1.1957508345080872,0.4922880544530056,6.335881662413421
2022-01-19,52878,53061,0.7623459264630282,1.0690260264026135,1.8239637400292983
2022-01-19,53494,53736,0.6163378058428589,3.4265117080610987,2.0248788888674762
2022-01-19,55368,55561,1.5344388417038612,0.5437131305617937,19.92518684268456
2022-01-19,55914,56113,0.9661507532799817,0.593411209992021,3.0171115387635035
2022-01-19,69971,70163,1.067161409798974,0.09192969205875082,0.7244242535677405
2022-01-19,70459,70645,1.1939823779615795,0.23628018987496538,3.0218378296059893
2022-01-19,72232,72417,1.1111233350565173,0.7767704678313543,7.297465538324397
2022-01-19,72713,73004,0.6055592952350954,2.691599472595132,1.4502293861640796
2022-01-19,74574,74776,1.0903444010527974,0.34278476121416646,2.967545615166666
2022-01-19,75103,75310,1.2762267347186167,0.34538652881268717,5.861586652684715
2022-01-24,52041,52237,0.7469695792668543,1.4894391927440231,2.304436290381263
2022-01-24,52501,52684,0.8688310606183507,1.2472704900144047,3.924596344771838
2022-01-24,54134,54338,0.9393338442641288,1.5174035501303942,6.802243264182627
2022-01-24,54652,54902,1.1405309132345889,0.9350228080843007,9.826797959146477
2022-01-24,56517,56703,0.8817983619220541,1.4255322463861928,4.800158525170292
2022-01-24,57048,57246,0.7244673932127678,1.6704099424416403,2.228381161692981
2022-01-24,66606,66719,0.7250515500956327,1.186042685639026,1.5884462200259186
2022-01-24,67055,67249,0.7075464011759864,0.6387485525949982,0.7590052718445456
2022-01-24,69002,69197,0.5779704704945068,2.9638544859259004,1.2462692712042314
2022-01-24,69488,69692,0.7386948471399157,2.0512603377210143,3.0074792596515616
2022-01-24,71187,71381,0.8570059077783323,2.698962729401575,7.97409419134724
2022-01-24,71668,71838,0.8211350357887655,2.6052755945933037,6.313524424991356
2022-01-24,73273,73462,0.880801258933878,1.6434786567120256,5.505520282483029
2022-01-24,73760,73949,0.6555943534895159,2.4289349696559817,1.9718927812504803
2022-01-26,47290,47531,0.8113390534336297,1.4831785153364652,3.3981751476665973
2022-01-26,47722,47926,0.8186178036803388,4.526105541895865,10.81230923836829
2022-01-26,49359,49560,0.7622772622209474,6.504540082463349,11.093213783640822
2022-01-26,49880,50074,0.864609293657151,2.9214531665113013,8.989272450052573
2022-01-26,51422,51621,0.6968452404585161,9.92156905224314,10.93565988796635
2022-01-26,51893,52086,0.7191721461033828,7.14966745948875,9.202432421647524
2022-01-26,53662,53852,0.7950418039168836,4.904063816270521,10.21399284649827
2022-01-26,54221,54411,0.8176137962998244,5.116399717410595,12.152582265369338
2022-01-26,55903,56111,0.7894849735194663,4.304150547687188,8.672558594768136
2022-01-26,56503,56638,0.7510757466840081,8.491584834920848,13.489378613481856
2022-01-26,68301,68506,2.107290571210104,0.5761360560139573,77.32178925285166
2022-01-26,68784,68971,2.104069744216583,0.7699139489913516,102.68959428279345
2022-01-26,71082,71284,2.6406217646460766,0.31749485413872036,105.75013804870267
2022-01-26,72641,72839,3.4709344095863157,0.5274088362513528,526.2052626057008
2022-01-26,73143,73337,4.311664630582139,0.9381843792459781,2257.0604467387984
2022-01-27,47727,47891,0.8557104940039629,1.0267191277927163,3.012383836515461
2022-01-27,48225,48429,0.7711011303393756,1.8770973919602147,3.3821323839619426
2022-01-27,49904,50088,0.71044257194425,2.103518580574192,2.5502319004152914
2022-01-27,50559,50751,0.7226678887940154,1.553001932583938,2.0467828502704153
2022-01-27,52208,52417,0.806114161894538,0.8529710297586027,1.8959673279318545
2022-01-27,52741,52926,1.0865758970829427,0.5567919788797019,4.74834522843923
2022-01-27,55164,55359,1.7858772044998694,1.204658680938937,82.40614233067745
2022-01-27,55692,55912,2.333921620647097,0.646354170618522,131.08083842245364
2022-01-27,64821,65017,2.3102654651199073,0.5855825751829353,113.97788413784491
2022-01-27,65381,65556,3.715636965294157,0.5142613338252201,675.8281919554275
2022-01-27,67416,67611,0.7122022720828691,2.1955346149827273,2.6943054875900625
2022-01-27,67970,68191,0.8699926039181971,0.7713080285323133,2.441870871216775
2022-01-27,70008,70196,0.7546962885021465,1.8303950774721431,2.9756597283673805
2022-01-27,70529,70709,0.7926517541321427,1.4373556260210343,2.9514493337851047
2022-01-27,71645,71830,4.2598836775950035,0.2296714065565787,526.0364088807657
2022-01-27,72167,72352,0.821138099098596,2.647644948973987,6.416312366841163
2022-02-01,49499,49694,0.809782859247834,5.287808463197632,12.006639452610255
2022-02-01,50122,50307,0.9041238693472411,2.3643354329349493,8.920750210985545
2022-02-01,51847,52032,0.9146149314700387,8.127304458462838,32.3090742399607
2022-02-01,52336,52534,0.7620007497309373,11.730177761067086,19.970620559306436
2022-02-01,53922,54124,0.7358954419711009,8.302236701021569,11.95068744314088
2022-02-01,54441,54632,0.6616256359611358,12.871560981416126,10.945561250581125
2022-02-01,56080,56290,0.8346171289956535,5.156925433992803,13.481067963610235
2022-02-01,56643,56836,0.8984694290179678,3.6800519712828796,13.49521286629343
2022-02-02,69151,69399,0.6590834580167305,6.14848557783697,5.127649016255896
2022-02-02,69800,69991,0.7159981808395655,4.874877538119274,6.140221315822763
2022-02-02,71519,71642,0.6576719055276146,10.279437972248664,8.480155072981145
2022-02-02,71962,72158,0.7855745354168238,6.199972161727549,12.202504571889316
2022-02-02,73860,74048,0.8481008248589972,3.182908907352224,8.961634558381535
2022-02-02,74343,74523,0.8060235005114295,2.8385059193977416,6.306045479557288
2022-02-03,49510,49759,0.7096648099696673,0.20041925805301544,0.24167754462681912
2022-02-03,50459,50639,0.8590023966213849,2.146646942466316,6.4105733690482785
2022-02-03,51011,51201,0.7775749644595503,1.3771254539852773,2.581974503300444
2022-02-03,52920,53158,0.8588151400629155,1.9457264816999682,5.804734157986725
2022-02-03,53489,53689,0.7938234958286219,2.264515577769342,4.682454717924201
2022-02-03,55242,55424,0.8101077432065239,1.6892903398378043,3.8429651222733665
2022-02-03,55808,55994,0.8930456842356834,1.5158389746907797,5.4078320035334375
2022-02-03,67563,67741,0.7696456200123309,4.755124741109622,8.490923702921275
2022-02-03,68067,68261,0.8368712975228954,4.284666031508454,11.341896575502979
2022-02-03,69713,69904,0.8297396763904058,3.084888714329179,7.847770128871241
2022-02-03,70216,70393,0.8081805962865675,4.585099683554509,10.314825923297432
2022-02-03,72123,72312,0.8604201823468295,2.295014022179947,6.905839837399436
2022-02-03,72639,72800,1.175937998053219,3.075215483586913,36.85088822954543
2022-02-03,74390,74638,0.7688787297010896,4.8953847732562155,8.699920895685109
2022-02-05,49787,49974,0.5413741737216209,0.7718670299206789,0.22699239793890208
2022-02-05,50316,50512,0.5821990993422842,0.9996777875138151,0.43712728483745106
2022-02-05,52000,52223,1.531549224438214,0.6820185717601808,24.799421529519304
2022-02-05,52566,52757,1.015681827555774,2.816706348245004,17.872657461134423
2022-02-05,54597,54775,0.8432675897532094,2.033986336619235,5.577451382617154
2022-02-05,56248,56408,0.9103928611277228,5.3128145709562125,20.682968539547506
2022-02-05,56697,56936,0.9103470585221685,3.9271778681890224,15.28515622914806
2022-02-05,58227,58470,1.1139140679409156,0.8375772278267987,7.954474363916886
2022-02-05,58798,58975,1.1436602049139748,0.6441741525735076,6.850348013733113
2022-02-15,51123,51325,0.8283373587083434,0.8123592093878205,2.0503957418361245
2022-02-15,51663,51860,0.756575665071238,1.0730735405449037,1.7654333055080373
2022-02-15,53315,53524,0.5326150708313644,6.0413363708258,1.6220231698851049
2022-02-15,53803,54008,0.7790239181243188,1.910418200617026,3.6136556479520285
2022-02-15,55918,56113,0.7428908915794964,2.2682245962949965,3.4178896721683376
2022-02-15,56414,56591,0.9440227499904003,1.1464311151259199,5.255336986695091
2022-02-15,68154,68373,0.9436906425233269,0.6723726660379125,3.077354320636986
2022-02-15,68686,68881,0.5603020672939101,1.8101478136289717,0.6432894722918984
2022-02-15,70395,70602,0.7899900144437092,1.7037551892674117,3.4433365663619613
2022-02-15,70904,71085,0.9137695934248329,2.088264936045773,8.266999430580984
2022-02-15,72818,72999,0.842255511915891,2.286809753930993,6.235969941525376
2022-02-15,73305,73502,0.9583662042762493,1.5535002495939225,7.618512331014991
2022-02-15,75010,75243,0.5708562187781074,2.7098642321707223,1.0658379656622967
2022-02-15,75574,75759,0.7012168418801603,1.0904803210639176,1.2396656201415646
2022-02-16,50803,50989,0.7776212446950864,1.5712637662748208,2.946797789355299
2022-02-16,51356,51535,0.8732503322547344,1.2271595121833638,3.9521483181174553
2022-02-16,53049,53239,1.165720026308504,1.831942482583432,21.14701281775644
2022-02-16,53517,53704,0.8644807135648647,4.657032612540895,14.3198424171278
2022-02-16,55570,55733,0.7220872007576723,3.7150262282796453,4.877062094642703
2022-02-16,56015,56209,0.63335730204049,4.660173934224904,3.171462673037794
2022-02-16,67711,67898,0.8128776499351505,2.176312051240254,5.030673883584938
2022-02-16,68320,68510,0.7081682284038094,1.719599822299496,2.052193665289756
2022-02-16,70292,70483,0.7898569521034726,1.1403670741284893,2.3028797483578916
2022-02-16,70780,70976,0.5993471972027856,1.6179789536113784,0.8256512815905559
2022-02-16,72405,72586,0.7051866161989061,2.0981763878161854,2.4525413271398104
2022-02-16,72921,73105,1.192417231084447,1.7369384689418739,22.09000728360283
2022-02-16,74720,74911,0.9069763030087813,1.4021748133089411,5.3665540758736965
2022-02-16,75222,75422,1.4250596209815156,1.637153867672609,44.13426406948269
2022-02-16,76982,77168,0.7473758016921951,2.7741658040664414,4.30340308009217
2022-02-19,52296,52492,0.6779011250356067,10.115162623792413,9.720310274678768
2022-02-19,52812,53002,0.6736327781000575,14.387096843527836,13.394826205111823
2022-02-19,54728,54965,0.3765535064092438,9.349479952127002,0.2910264341422798
2022-02-19,55406,55598,0.6875769076195658,10.956113601064471,11.299806830006816
2022-02-19,56921,57108,0.6488077290183947,9.519377372156034,7.329855254078561
2022-02-19,57504,57720,0.9032849391374229,9.664909800762555,36.31295196792749
2022-02-19,71227,71422,0.751057509582433,2.070588902759877,3.2888673586686905
2022-02-19,71735,71930,0.7173369752957319,3.149556618804292,4.00350367414489
2022-02-19,74140,74503,0.725202378961994,5.920304590391686,7.936999837671034
2022-02-19,74922,75128,0.70361899507445,2.4231726097593356,2.8015396761327733
2022-02-22,52593,52799,0.7207906081200447,6.70543367274416,8.725956658682813
2022-02-22,53118,53321,0.6873090778351703,8.022486546772315,8.258129670319938
2022-02-22,54612,54816,0.6888237242742908,16.102342540171655,16.757771292738244
2022-02-22,55131,55503,0.7088867035918439,13.224818285783828,15.861545269955093
2022-02-22,57316,57508,0.7443482934906671,5.40169504302989,8.216944479300052
2022-02-22,57914,58139,0.7344789891669256,5.504400756511652,7.849683172940217
2022-02-22,69479,69667,0.7483735859212898,4.9481292546602065,7.725231634366758
2022-02-22,69942,70130,0.7709856411461636,7.1775215421579865,12.923149249654577
2022-02-22,71907,72101,0.7636754176843055,4.924481764423915,8.47241616320568
2022-02-22,72463,72647,0.7535710226476054,5.108541319661541,8.245621706734555
2022-02-22,74520,74742,0.773926480932421,6.600346347790496,12.101342486431104
2022-02-22,75024,75225,0.7483432932839498,5.695109176997267,8.889715716543522
2022-02-22,76824,77018,0.7601424922705968,7.53279236131894,12.675567054782942
2022-02-22,78093,78308,0.3457500839465044,1.3741616953500386,0.023275742464099917
2022-02-26,48862,49061,0.7165340156903854,6.420666254787906,8.116910965558407
2022-02-26,49339,49530,0.747051099024368,6.613401979359975,10.237530879741191
2022-02-26,50828,51009,0.6281676978610836,9.235988129010993,6.024233827593652
2022-02-26,51288,51485,0.7082663244373866,5.800347272806271,6.926928410497116
2022-02-26,53093,53282,0.4606540570030656,16.67349962812838,1.91851105924736
2022-02-26,55061,55258,0.7111351481253689,11.177522685086354,13.616216839637906
2022-02-26,55557,55745,3.155898863920396,0.7815124908143853,531.7173136252464
2022-02-26,66777,66961,0.52213868716708,1.4799239763499683,0.3552529569494616
2022-02-26,67516,67703,0.7270850283930398,3.8134781095291026,5.177458531217405
2022-02-26,69009,69202,0.913410899125561,1.26574208422941,5.001916754787529
2022-02-26,69536,69710,0.9210184058461628,1.872877227443401,7.683734810506399
2022-02-26,71034,71218,0.8167623528503785,3.1439439724653777,7.431292876145676
2022-02-26,71550,71740,0.7789126301374308,4.077259384700124,7.7071191888939445
2022-02-26,73038,73234,0.8446333683354115,3.682077359488088,10.17260159691555
2022-02-26,73556,73751,0.6214429790177091,2.62099402986399,1.6168126731415755
2022-03-03,68820,68915,0.6640972730951442,8.465776443500863,7.336309151689831
2022-03-03,69546,69732,0.6956033029485664,7.413960437829596,8.099912185283149
2022-03-04,51521,51704,0.7852285379201975,14.481227662591593,28.441912689953718
2022-03-04,51988,52174,0.729391372723257,17.328065007228993,23.89108536399423
2022-03-04,53729,53929,0.6425207141354276,52.59093291538706,38.53002166334559
2022-03-04,54207,54435,0.6556799324348541,68.50580353678816,55.65220591950572
2022-03-04,56452,56642,0.733769391869834,26.4955519638191,37.60791394657472
2022-03-04,56979,57161,0.6876742357589435,21.305524924072603,21.989356523903968
2022-03-04,58647,58830,0.7487091081038271,15.823771915932186,24.758129217017316
2022-03-04,59156,59338,0.6846651468834809,15.866997561728995,16.022590474688663
2022-03-04,68791,68980,0.9807198659458991,3.0123220945592766,16.370381710541615
2022-03-04,69304,69489,0.8245549982832191,2.82934276204458,6.990692418354671
2022-03-04,71136,71322,0.6928621749294384,3.9197194831465096,4.199403005682537
2022-03-04,71653,71851,0.8793044784600204,2.104430724930353,6.995099655238239
2022-03-04,73737,73922,1.0840786845467711,2.2339506399394313,18.861790098488523
2022-03-04,74228,74421,0.6823052794422504,3.4930724952716727,3.4671130214002472
2022-03-04,76202,76395,0.7683783009299333,2.9053237809715915,5.147238615443305
2022-03-13,47275,47433,1.5603723112537122,1.0764214766814952,42.277316589395866
2022-03-13,47881,48091,1.3968875142118946,1.793465744164905,44.48357945727178
2022-03-13,48472,48632,0.8287141764431587,3.7423658300703164,9.46574505992462
2022-03-13,48982,49175,0.6565099533882224,4.805243544780771,3.928774773533687
2022-03-13,49531,49683,1.0703390532218455,2.1017057380953097,16.787415708934777
2022-03-13,50135,50496,1.1343296856963125,2.3899881193672945,24.53528785985147
2022-03-13,51950,52285,1.0117955954611448,8.740005455415742,54.528218671028576
2022-03-13,54114,54447,0.7602280078851467,4.791994808385617,8.067921837998904
2022-03-13,56282,56536,1.428639846393783,2.4707157338424537,67.3054274926381
2022-03-13,56808,56995,1.0266361986660884,1.7915116048686268,11.917018353715518
2022-03-13,65852,66048,0.7550217214303804,1.9225005677942828,3.1318699318848777
2022-03-13,66371,66573,0.8831010121733007,1.9023247765814755,6.448968261174675
2022-03-13,68310,68493,0.7049533616422005,4.645717960780373,5.421501266315537
2022-03-13,68817,68997,0.6557028431205912,6.65172200953954,5.404631614578763
2022-03-13,70695,70892,1.0718113562558285,2.5510706744473217,20.499088929005293
2022-03-13,71245,71441,0.6623513332775474,2.714829749744897,2.321426823727134
2022-03-13,72782,72970,0.6076725891432762,2.377765918228943,1.3047993202261272
2022-03-14,48345,48620,0.720899200112227,2.6025609158288248,3.389273062686199
2022-03-14,49025,49246,0.46409412883744605,2.4692462256683054,0.2972484556935153
2022-03-14,50607,50819,0.8266878303225692,2.0037516921721794,5.010766289415013
2022-03-14,51166,51404,0.9194060973538514,4.788647741341775,19.49133611755029
2022-03-14,52944,53148,0.637824756563406,1.3865805458444818,0.978366536857421
2022-03-14,53501,53690,0.7296436336836201,2.5453189525939144,3.5152647294919834
2022-03-14,65954,66153,1.0015013916342685,2.938506121842422,17.52388769525573
2022-03-14,66578,66789,0.6103045606582495,1.5647479449368094,0.8783379948355348
2022-03-14,68409,68637,1.9743329492845407,0.41115851049814267,42.350150387758255
2022-03-14,69086,69284,1.1616141898204995,1.2339803147183084,14.030548168191272
2022-03-14,70674,70863,1.3087875331084187,2.0228515502741597,38.17927772458494
2022-03-14,71177,71343,0.8478733175174977,1.123968307048944,3.1606677338602074
2022-03-18,55757,55959,0.5640243992294728,5.63482393541837,2.07611017763478
2022-03-18,56265,56444,1.0272016996469688,2.7832722381609076,18.559005873775995
2022-03-18,57995,58184,0.8360575546299025,7.601896064382002,20.032296865441122
2022-03-18,58547,58735,0.7111342943716581,7.32451288470769,8.922510896355204
2022-03-18,60296,60491,0.5935598388705151,7.453096113173052,3.6128098704243397
2022-03-18,60789,60987,0.6487244142629579,5.796825906764196,4.460595671039953
2022-03-18,62393,62581,0.8944235526284496,3.6709903667457753,13.188621524556533
2022-03-22,49637,49848,0.7184537217420738,5.785283709965358,7.410023751963019
2022-03-22,50190,50394,0.6526421487850073,3.7885882474017922,3.006008692970475
2022-03-22,64291,64504,0.6330440658357414,9.316157827346228,6.323937586762332
2022-03-22,64912,65166,0.7949041719523361,7.52544386520788,15.660911028527318
2022-03-22,66875,67147,0.8183500912513217,5.899755045799107,14.072274515878316
2022-03-22,67470,67662,0.7191859581637589,5.149489533133682,6.628598877477297
2022-03-22,69996,70202,0.8870644411316588,7.8394472097485774,27.12456718735727
2022-03-22,70496,70690,0.7096436049388033,10.815361048910269,13.039895776615914
2022-03-26,47009,47208,1.498810221706012,1.1437143987718548,38.02698653037255
2022-03-26,47553,47747,0.6449527005987724,5.168206795671972,3.860281695957726
2022-03-26,49331,49523,0.6663502720564536,12.724550115968324,11.216852107159976
2022-03-26,49891,50083,0.7131591563657544,12.908969642137523,15.94622923310943
2022-03-26,53441,53636,0.7549584165805334,6.495183120298359,10.576788988118883
2022-03-26,53973,54159,0.6254258685512443,5.080368323465653,3.239532426800049
2022-03-26,65806,66013,1.8387283916524257,1.794071957943658,138.26641289560587
2022-03-26,66339,66535,1.1030553816479087,3.3800459050489726,30.768955900826008
2022-03-26,67880,68093,0.8024422467493041,11.648315127676515,25.342315069699822
2022-03-26,68367,68559,0.7223679775941737,10.396549461712189,13.674437890791461
2022-03-26,70044,70239,0.7416553729870005,8.899330042077615,13.302639700882722
2022-03-26,70584,70787,0.7523109935802889,10.778418975771416,17.257958866801655
2022-03-26,72307,72501,1.1739512168737258,3.260110580506318,38.784745160391466
2022-03-26,72835,73022,1.0933510576018612,1.6614819018159745,14.556572165748813
2022-03-26,73084,73292,0.5558694360599644,3.012269699233082,1.0249698789576114
2022-03-26,74792,74973,0.3416374350127035,5.348030531239058,0.08293197762787209
2022-03-28,61912,62107,1.442174855868914,0.9654712251232848,27.35396979132163
2022-03-28,62429,62550,0.6875912853438765,1.2709829959194383,1.310990091312487
2022-03-28,64195,64396,0.8486394235143276,2.6621797198351205,7.517507551646632
2022-03-28,64947,65247,0.7630988107800687,4.760403668768658,8.160599670677293
2022-03-28,66707,66935,1.5258993889599282,2.011142758134959,72.0187057357728
2022-03-28,67210,67403,0.6798150634342204,3.027600030770573,2.950724664289783
2022-03-28,68977,69156,0.5043867685367928,2.403397975147795,0.4733668160724264
2022-03-29,46108,46321,2.2601114079577203,1.3258474681853873,236.19227009706518
2022-03-29,48027,48212,0.706114698090773,2.249147473921617,2.64608953912834
2022-03-29,48607,48786,0.5885745112517118,1.497075280765478,0.6938527502124202
2022-03-29,50576,50891,0.9998482313123884,2.159156665434308,12.782518312193542
2022-03-29,51241,51572,1.1547489344325754,1.5696278844878007,17.398631384904174
2022-03-29,53305,53509,1.1787775697998577,2.752682464522675,33.32813134653391
2022-03-29,53823,54124,0.9184580104747324,2.8623711654411497,11.596624874959716
2022-03-29,55684,55885,1.2481776363465156,0.8157416829558712,12.601190182356921
2022-03-29,56294,56469,1.6978354172589931,0.21755057889814,12.096849521456061
2022-03-29,56515,56808,1.2617714503040451,0.628437597739258,10.163638937739568
2022-03-29,64947,65122,1.1794866319995851,1.9732117108913056,23.95222486325583
2022-03-29,65443,65635,1.0804369553969273,2.1608225243071253,17.979499337074813
2022-03-29,65935,66153,1.2083549935280165,2.8409410506523294,38.235843936042144
2022-03-29,66488,66728,0.7394516193849391,2.086071575292415,3.073705914506759
2022-03-29,67074,67264,0.7031790319930947,1.9173704766777095,2.20993420215872
2022-03-29,67664,67885,1.2127578027218266,0.6837184373820697,9.34575223823951
2022-03-29,67923,68282,1.0976423990453625,1.0550064559283479,9.401409740021212
2022-03-29,69697,70034,0.9827888590476928,1.680637046387917,9.219244757681459
2022-03-29,71627,71911,0.853384994164124,2.644529333756353,7.662318534056737
2022-03-29,73872,74078,0.46602191521660463,4.902365525418098,0.6051365972061391
2022-05-05,46283,46480,0.3440530309593824,17.219920751885336,0.2813016614498169
2022-05-05,47718,47923,0.8345118186050685,5.636485663832102,14.726090264094097
2022-05-05,49055,49244,0.5049515643358552,6.992094148345904,1.3860700524950875
2022-05-05,49529,49725,0.5166412909501413,8.054467415988716,1.820598875224739
2022-05-05,64655,64860,0.4782028832994725,7.026976981103695,1.0125559298183373
2022-05-05,67153,67370,0.5208086248193142,35.64923669610597,8.434663227524318
2022-05-05,67655,67863,0.5388250379489844,14.544090192655467,4.166275960811779
2022-05-05,68923,69111,0.6281656954835688,4.942002317280343,3.2234002996090454
2022-05-05,69414,69596,0.5711016214040122,4.796654809542447,1.8910013496832698
2022-05-05,71234,71414,0.635911103666614,6.111071374611909,4.24588876442427
2022-05-05,71721,71915,0.5245724634111542,13.240552696960474,3.26312408299929
2022-05-10,46009,46206,1.1340121335993791,0.8754920449221947,8.97684678045389
2022-05-10,46393,46597,0.5853852158022893,83.2867625133972,37.49786479036477
2022-05-10,47012,47197,0.5319855558118449,80.18711706484835,21.386922538739572
2022-05-10,48361,48568,0.5627891639831129,31.76629994266981,11.565154400505335
2022-05-10,51368,51564,0.402124419691565,1.8281253638852775,0.08879179311190125
2022-05-10,54447,54647,0.5515175100756068,43.26872295823053,14.10059489982434
2022-05-16,65657,65861,0.5745924332650557,5.04389033144748,2.055001691248299
2022-05-16,65893,66088,0.5310799582607317,12.608493504676773,3.3308431157506746
2022-05-16,66377,66587,0.5382564968972554,12.65601430492486,3.604151117315703
2022-05-16,67770,67976,0.5216643036175502,5.171014964308569,1.2349142414471237
2022-05-16,68293,68486,0.5729354289949872,5.265586174777279,2.1121506072339225
2022-05-16,69870,70040,0.5784398654891176,2.59614758853775,1.0964271723869385
2022-05-16,70389,70573,0.5644896241912484,5.356109221574207,1.9822935147484153
2022-05-18,65220,65410,0.604011013963549,8.461754222068551,4.49818689595118
2022-05-18,65630,65821,0.5796250644407365,11.48062330105439,4.902205267002083
2022-05-20,50438,50627,0.3379416487366349,31.71556091223377,0.45359406942926817
2022-05-20,51716,51916,0.632477369775596,25.035333606018487,16.91608389166057
2022-05-21,48485,48689,0.5708309278679501,14.893941279493443,5.856648950551203
2022-05-21,48975,49209,0.6033774798443293,16.099920800652786,8.511401420744345
2022-05-21,50401,50630,0.5185127823319551,9.899400250837367,2.284160712565615
2022-05-21,50912,51115,0.5478784412938359,7.233685316811924,2.272836678046155
2022-05-21,52021,52255,0.5293034662436004,7.839357001200844,2.0323266887833
2022-05-21,52577,52801,0.6964581922200123,16.82487443311943,18.493642076569046
2022-05-21,53062,53272,0.504677055323448,21.434624355427534,4.235753645338784
2022-05-21,53637,53909,0.47557122167484855,24.73142899570257,3.448351658500694
2022-05-31,48632,48815,0.5062068412641864,2.667427045687643,0.536400268923852
2022-05-31,49106,49309,0.45331232415315503,3.3736221616630053,0.35186222931222694
2022-05-31,50737,50926,0.44705267333058346,2.7567416196424186,0.2638844808629485
2022-05-31,51244,51443,0.5058256807184156,2.3309810156573314,0.46671254710288235
2022-05-31,52780,52981,0.515083173015419,2.064071206148198,0.45858575016280867
2022-05-31,53322,53511,0.6631803798750457,2.5369571819295618,2.183207192127435
2022-05-31,54770,54958,0.4127367104693122,4.498209185313693,0.2592531111954033
2022-05-31,55230,55411,0.45415108494121453,3.3741029324880873,0.3559297131579661
2022-06-02,59349,59766,0.5543319520475374,6.331756639045916,2.121980382498033
2022-06-03,46534,46722,0.4355783225151929,7.486765878792543,0.609233038545883
2022-06-03,46990,47181,0.4872414019639791,6.162213217035399,0.9920414839034
2022-06-03,50192,50659,0.4699147157092977,8.305860367072931,1.077979892284163
2022-06-05,40525,40710,0.5127232795327362,7.968789944852227,1.7246062178184292
2022-06-05,40968,41154,0.5651126210048114,6.9733743570613225,2.5963726221211414
2022-06-07,42201,42410,0.6707058842657831,15.12738906057161,13.779466108719154
2022-06-07,42759,42934,0.653876480465527,15.28160581201285,12.241980873205248
2022-06-07,44194,44376,0.760890106365863,9.102761257160605,15.389643993171882
2022-06-07,44646,44868,0.7781740942542951,8.751147471265423,16.467677988587038
2022-06-07,46154,46339,0.8487574273047492,4.8521601267674015,13.710411783230597
2022-06-07,46766,46987,0.7998161234018796,7.226949120076468,15.482550490242847
2022-06-07,48380,48565,0.7783960351611685,6.5193360278384604,12.284540332707216
2022-06-07,48860,49055,0.7740362606064087,9.295897001282482,17.054981101410696
2022-06-07,50261,50444,0.7290477412973083,16.33561204119127,22.4711983817867
2022-06-07,50723,50921,0.7514291532190039,15.024086444670099,23.92069069259443
2022-06-07,51192,51384,0.7085397969830928,16.601127383973786,19.863166532499246
2022-06-07,58692,58893,0.7657686227613631,11.440441101676829,19.942054638549994
2022-06-07,59203,59443,0.7453767165505643,14.012399188924311,21.457802003713738
2022-06-07,60774,60962,0.7740983118502084,9.300379548478965,17.069714775956292
2022-06-07,61224,61409,0.8111270053612167,7.390822682338888,16.912717214975824
2022-06-07,62778,62972,0.7976410898969322,7.0194091417295015,14.84637170801365
2022-06-07,63280,63501,0.8386999847642277,6.783594761887111,18.139440113215457
2022-06-07,64945,65134,0.8157273885556039,7.500407815967629,17.623827947105056
2022-06-07,65424,65616,0.80445644215611,6.684489568817832,14.715234632557845
2022-06-07,67104,67294,0.7863211775308395,11.178313915516956,22.099804503232296
2022-06-07,67586,67797,0.7551544899581233,11.327634905177412,18.46898486877694
2022-06-07,68139,68337,0.8042152066857269,13.39103257234991,29.437518787887605
2022-06-08,47796,48001,0.7188547838239925,7.511328730262448,9.647095995600289
2022-06-08,48315,48503,0.7130210909477609,9.459182919511441,11.67367866598084
2022-06-08,49850,50094,0.7645411022244771,7.509761603207697,12.990464437554987
2022-06-08,50526,50752,0.7262528407301274,5.749776198487667,7.762918981870828
2022-06-08,55245,55531,0.746233983819697,6.207996302785851,9.559409997299953
2022-06-08,55817,56002,0.6742529958600247,7.858046000208925,7.349928462697112
2022-06-08,57199,57365,0.6788075750325269,11.01036198174883,10.651523724262248
2022-06-08,57737,57899,0.6810900554656986,7.2870060464202915,7.168770805804984
2022-06-08,63314,63535,0.7245351937637875,8.836256618529935,11.793231185999021
2022-06-08,63808,64032,0.7317279717719164,7.619446283542216,10.669837839849095
2022-06-08,65512,65703,0.7543663628147782,7.741893727591254,12.559544099573598
2022-06-08,66055,66235,0.7444776218764029,10.994920751694634,16.739266746142086
2022-06-08,68080,68281,0.7246073156122957,11.938174090744576,15.940908791467722
2022-06-08,68686,68894,0.7847673057698791,10.76518677060232,21.084662253498212
2022-06-08,70398,70643,0.7717482008568568,7.606779164435813,13.760683519568182
2022-06-08,70963,71150,0.779890345350487,8.582738711558527,16.320586029143747
2022-06-08,72597,72798,0.7952398064797782,8.670655842740663,18.080119151833664
2022-06-08,73376,73609,0.7489596979648274,9.391441146300062,14.717693106984559
2022-06-10,44687,44913,0.4045378023022755,59.97358628916795,3.03047059117039
2022-06-10,45276,45468,0.413858625630579,52.3607578808778,3.0715896679412675
2022-06-10,47040,47232,0.44079223190847083,38.328129934315406,3.3606439781185116
2022-06-10,47539,47735,0.45112933530958005,48.33822073980017,4.8940425343255995
2022-06-10,49127,49327,0.3691150934191913,62.8023085996568,1.7011014690591006
2022-06-10,49675,49859,0.40503831236826904,36.87754228668177,1.8786870606574249
2022-06-10,51245,51433,0.3692087852034363,55.75179719803096,1.5128186694046397
2022-06-10,51689,51870,0.397201218551902,57.412804444912936,2.5691395333186313
2022-06-10,53285,53483,0.46068930005042036,42.94688205125098,4.943919005839276
2022-06-10,63496,63689,0.46938641674237663,49.04354978209236,6.322214170620853
2022-06-10,68120,68509,0.38037113405551,37.39831119792988,1.248011414321197
2022-06-11,45024,45235,0.40060698679149087,55.666425175706806,2.636747279873962
2022-06-11,45778,45970,0.5093028518287586,48.26132081414282,10.05150451482886
2022-06-11,47885,48072,0.40590713392264754,25.099279842533296,1.2968381878685409
2022-06-11,49242,49483,0.337260902738509,42.67438341674366,0.6011997358423489
2022-06-11,50058,50260,0.415568940490263,19.843952200559336,1.1956856908853755
2022-06-11,52752,52947,0.3411440535304623,47.05689680062192,0.7219365191226781
2022-06-13,47006,47200,0.5664645549324212,6.020170634034221,2.2707645655564574
2022-06-13,47564,47756,0.6550619908991234,4.981855002010452,4.027802361019629
2022-06-13,49175,49359,0.500811538881137,6.379148730155587,1.2057565824474654
2022-06-13,60893,61090,0.5082692281953223,11.042906030552322,2.273237552565278
2022-06-13,61376,61586,0.5271281607926127,12.21671606462182,3.094541075393975
2022-06-13,62995,63209,0.5343609980446066,16.660245040557573,4.555821606701633
2022-06-13,63501,63700,0.46907131329312574,21.47675942278517,2.7574062450936987
2022-06-13,65370,65552,0.47582151474540163,15.62270441116941,2.185158049878716
2022-06-13,65828,66014,0.5294761273513293,13.141475096026877,3.413138148672669
2022-06-13,67544,67726,0.5785114872471491,10.875614001437837,4.596139502263407
2022-06-13,68368,68749,0.6092700322557457,6.850609236589803,3.8114053137241544
2022-06-14,48914,49101,0.4334767628515554,24.771870579922428,1.9552571306626418
2022-06-14,49403,49781,0.404055160435991,21.419896905718492,1.0738524461796395
2022-06-14,49819,50076,0.4929936591874996,11.714483305853344,2.02036494964171
2022-06-14,56217,56519,0.37058268475309275,44.02906493501636,1.226226290845667
2022-06-17,48618,48829,0.7396057228791838,5.857799628159086,8.639832334390935
2022-06-17,49130,49322,0.6706188731910814,14.67948760138564,13.362758794475388
2022-06-17,50876,51088,0.7575311411274178,8.599340939847771,14.233625740212933
2022-06-17,51356,51557,0.7206998343938876,10.590479153501807,13.77319462074764
2022-06-17,53194,53390,0.7358718468846777,7.637939925885299,10.992754868536073
2022-06-17,53823,54142,0.754537935330924,8.01424198631113,13.015574255101695
2022-06-17,55878,56076,0.7009349749530045,10.814342164268428,12.269445733315226
2022-06-17,56393,56593,0.742336126363637,7.669293073722672,11.514910911849581
2022-06-17,58088,58305,0.6692523400606958,13.02502209044943,11.735711160752716
2022-06-18,44416,44622,0.6605805745357156,6.194013665931633,5.225262819717903
2022-06-18,46064,46282,0.6612329447974625,10.708810068429036,9.079140804993017
2022-06-18,46659,46881,0.6828178594125334,9.35768363215454,9.323007508033738
2022-06-18,48588,48818,0.6841373201234523,36.6217440331155,36.83898523122655
